rank,title,year,rating,director,cast,storyline
1,The Shawshank Redemption,1994,9.3,Frank Darabont,"Tim Robbins, Morgan Freeman, Bob Gunton","A banker convicted of uxoricide forms a friendship over a quarter century with a hardened convict, while maintaining his innocence and trying to remain hopeful through simple compassion."
2,The Godfather,1972,9.2,Francis Ford Coppola,"Marlon Brando, Al Pacino, James Caan",The aging patriarch of an organized crime dynasty transfers control of his clandestine empire to his reluctant son.
3,The Dark Knight,2008,9.1,Christopher Nolan,"Christian Bale, Heath Ledger, Aaron Eckhart","When a menace known as the Joker wreaks havoc and chaos on the people of Gotham, Batman, James Gordon and Harvey Dent must work together to put an end to the madness."
4,The Godfather Part II,1974,9,Francis Ford Coppola,"Al Pacino, Robert Duvall, Diane Keaton","The early life and career of Vito Corleone in 1920s New York City is portrayed, while his son, Michael, expands and tightens his grip on the family crime syndicate."
5,12 Angry Men,1957,9,Sidney Lumet,"Martin Balsam, John Fiedler, Lee J. Cobb",The jury in a New York City murder trial is frustrated by a single member whose skeptical caution forces them to more carefully consider the evidence before jumping to a hasty verdict.
6,The Lord of the Rings: The Return of the King,2003,9,Peter Jackson,"Noel Appleby, Ali Astin, Sean Astin",Gandalf and Aragorn lead the World of Men against Sauron's army to draw his gaze from Frodo and Sam as they approach Mount Doom with the One Ring.
7,Schindler&apos;s List,1993,9,Steven Spielberg,"Liam Neeson, Ben Kingsley, Ralph Fiennes","In German-occupied Poland during World War II, industrialist Oskar Schindler gradually becomes concerned for his Jewish workforce after witnessing their persecution by the Nazis."
8,The Lord of the Rings: The Fellowship of the Ring,2001,8.9,Peter Jackson,"Alan Howard, Noel Appleby, Sean Astin",A meek Hobbit from the Shire and eight companions set out on a journey to destroy the powerful One Ring and save Middle-earth from the Dark Lord Sauron.
9,Pulp Fiction,1994,8.8,Quentin Tarantino,"Tim Roth, Amanda Plummer, Laura Lovelace","The lives of two mob hitmen, a boxer, a gangster and his wife, and a pair of diner bandits intertwine in four tales of violence and redemption."
10,"Il buono, il brutto, il cattivo",1966,8.8,Sergio Leone,"Eli Wallach, Clint Eastwood, Lee Van Cleef",A bounty-hunting scam joins two men in an uneasy alliance against a third in a race to find a fortune in gold buried in a remote cemetery.
11,The Lord of the Rings: The Two Towers,2002,8.8,Peter Jackson,"Bruce Allpress, Sean Astin, John Bach","While Frodo and Sam edge closer to Mordor with the help of the shifty Gollum, the divided fellowship makes a stand against Sauron's new ally, Saruman, and his hordes of Isengard."
12,Forrest Gump,1994,8.8,Robert Zemeckis,"Tom Hanks, Rebecca Williams, Sally Field","The history of the United States from the 1950s to the '70s unfolds from the perspective of an Alabama man with an IQ of 75, who yearns to be reunited with his childhood sweetheart."
13,Fight Club,1999,8.8,David Fincher,"Edward Norton, Brad Pitt, Meat Loaf",An insomniac office worker and a devil-may-care soap maker form an underground fight club that evolves into much more.
14,Inception,2010,8.8,Christopher Nolan,"Leonardo DiCaprio, Joseph Gordon-Levitt, Elliot Page","A thief who steals corporate secrets through the use of dream-sharing technology is given the inverse task of planting an idea into the mind of a C.E.O., but his tragic past may doom the project and his team to disaster."
15,Star Wars: Episode V - The Empire Strikes Back,1980,8.7,Irvin Kershner,"Mark Hamill, Harrison Ford, Carrie Fisher","After the Empire overpowers the Rebel Alliance, Luke Skywalker begins training with Jedi Master Yoda, while Darth Vader and bounty hunter Boba Fett pursue his friends across the galaxy."
16,The Matrix,1999,8.7,"Lana Wachowski, Lilly Wachowski","Keanu Reeves, Laurence Fishburne, Carrie-Anne Moss","When a beautiful stranger leads computer hacker Neo to a forbidding underworld, he discovers the shocking truth--the life he knows is the elaborate deception of an evil cyber-intelligence."
17,GoodFellas,1990,8.7,Martin Scorsese,"Robert De Niro, Ray Liotta, Joe Pesci","The story of Henry Hill and his life in the mafia, covering his relationship with his wife Karen and his mob partners Jimmy Conway and Tommy DeVito."
18,Interstellar,2014,8.7,Christopher Nolan,"Ellen Burstyn, Matthew McConaughey, Mackenzie Foy","When Earth becomes uninhabitable in the future, a farmer and ex-NASA pilot, Joseph Cooper, is tasked to pilot a spacecraft, along with a team of researchers, to find a new planet for humans."
19,One Flew Over the Cuckoo&apos;s Nest,1975,8.7,Milos Forman,"Michael Berryman, Peter Brocco, Dean R. Brooks","A rebellious convict is sent to a psychiatric hospital for evaluation in 1963 Oregon, and encourages his docile companions to take more control of their lives and defy the tyrannical head nurse."
20,Se7en,1995,8.6,David Fincher,"Morgan Freeman, Andrew Kevin Walker, Daniel Zacapa","Two detectives, a rookie and a veteran, hunt a serial killer who uses the seven deadly sins as his motives."
21,It&apos;s a Wonderful Life,1946,8.6,Frank Capra,"James Stewart, Donna Reed, Lionel Barrymore",An angel is sent from Heaven to help a desperately frustrated businessman see the value of his own life.
22,The Silence of the Lambs,1991,8.6,Jonathan Demme,"Jodie Foster, Anthony Hopkins, Scott Glenn","A young F.B.I. cadet must receive the help of an incarcerated and manipulative cannibal killer to help catch another serial killer, a madman who skins his victims."
23,Shichinin no samurai,1954,8.6,Akira Kurosawa,"Toshirô Mifune, Takashi Shimura, Keiko Tsushima","Farmers from a village exploited by bandits hire a veteran samurai for protection, and he gathers six other samurai to join him."
24,Saving Private Ryan,1998,8.6,Steven Spielberg,"Tom Hanks, Tom Sizemore, Edward Burns","Following the Normandy Landings, a group of U.S. soldiers go behind enemy lines to retrieve a paratrooper whose comrades have been killed in action."
25,The Green Mile,1999,8.6,Frank Darabont,"Tom Hanks, David Morse, Bonnie Hunt",A death row guard learns that a gentle giant in his charge possesses a mysterious gift.
26,Cidade de Deus,2002,8.6,"Kátia Lund, Fernando Meirelles","Alexandre Rodrigues, Leandro Firmino, Phellipe Haagensen","In the slums of Rio, two kids' paths diverge as one struggles to become a photographer and the other a kingpin."
27,La vita è bella,1997,8.6,Roberto Benigni,"Roberto Benigni, Nicoletta Braschi, Giorgio Cantarini","When an open-minded Jewish waiter and his son become victims of the Holocaust, he uses a perfect mixture of will, humor and imagination to protect his son from the dangers around their camp."
28,Terminator 2: Judgment Day,1991,8.6,James Cameron,"Arnold Schwarzenegger, Linda Hamilton, Edward Furlong","A cyborg, identical to the one who failed to kill Sarah Connor, must now protect her ten year old son John from an even more advanced and powerful cyborg."
29,Star Wars,1977,8.6,George Lucas,"Mark Hamill, Harrison Ford, Carrie Fisher","Luke Skywalker joins forces with a Jedi Knight, a cocky pilot, a Wookiee and two droids to save the galaxy from the Empire's world-destroying battle station, while also attempting to rescue Princess Leia from the mysterious Darth Vader."
30,Back to the Future,1985,8.5,Robert Zemeckis,"Michael J. Fox, Christopher Lloyd, Lea Thompson","Marty McFly, a 17-year-old high school student, is accidentally sent 30 years into the past in a time-traveling DeLorean invented by his close friend, the maverick scientist Doc Brown."
31,Sen to Chihiro no kamikakushi,2001,8.6,Hayao Miyazaki,"Rumi Hiiragi, Miyu Irino, Mari Natsuki","During her family's move to the suburbs, a sullen 10-year-old girl wanders into a world ruled by gods, witches and spirits, and where humans are changed into beasts."
32,The Pianist,2002,8.5,Roman Polanski,"Adrien Brody, Emilia Fox, Michal Zebrowski","During WWII, acclaimed Polish musician Wladyslaw faces various struggles as he loses contact with his family. As the situation worsens, he hides in the ruins of Warsaw in order to survive."
33,Gladiator,2000,8.5,Ridley Scott,"Russell Crowe, Joaquin Phoenix, Connie Nielsen",A former Roman General sets out to exact vengeance against the corrupt emperor who murdered his family and sent him into slavery.
34,Gisaengchung,2019,8.5,Bong Joon Ho,"Song Kang-ho, Lee Sun-kyun, Cho Yeo-jeong",Greed and class discrimination threaten the newly formed symbiotic relationship between the wealthy Park family and the destitute Kim clan.
35,Psycho,1960,8.5,Alfred Hitchcock,"Anthony Perkins, Vera Miles, John Gavin",A secretary on the run for embezzlement takes refuge at a secluded California motel owned by a repressed man and his overbearing mother.
36,The Lion King,1994,8.5,"Roger Allers, Rob Minkoff","Rowan Atkinson, Matthew Broderick, Niketa Calame-Harris","Lion prince Simba and his father are targeted by his bitter uncle, who wants to ascend the throne himself."
37,Hotaru no haka,1988,8.5,Isao Takahata,"Tsutomu Tatsumi, Ayano Shiraishi, Yoshiko Shinohara",A young boy and his little sister struggle to survive in Japan during World War II.
38,The Departed,2006,8.5,Martin Scorsese,"Leonardo DiCaprio, Matt Damon, Jack Nicholson",An undercover cop and a mole in the police attempt to identify each other while infiltrating an Irish gang in South Boston.
39,Whiplash,2014,8.5,Damien Chazelle,"Miles Teller, J.K. Simmons, Paul Reiser",A promising young drummer enrolls at a cut-throat music conservatory where his dreams of greatness are mentored by an instructor who will stop at nothing to realize a student's potential.
40,Seppuku,1962,8.6,Masaki Kobayashi,"Tatsuya Nakadai, Akira Ishihama, Shima Iwashita","When a ronin requesting seppuku at a feudal lord's palace is told of the brutal suicide of another ronin who previously visited, he reveals how their pasts are intertwined - and in doing so challenges the clan's integrity."
41,The Prestige,2006,8.5,Christopher Nolan,"Hugh Jackman, Christian Bale, Michael Caine",Rival 19th-century magicians engage in a bitter battle for trade secrets.
42,American History X,1998,8.5,Tony Kaye,"Edward Norton, Edward Furlong, Beverly D'Angelo",A white supremacist is released from prison a changed man and hopes to prevent his younger brother from following in his footsteps.
43,Léon,1994,8.5,Luc Besson,"Jean Reno, Gary Oldman, Natalie Portman","When her family is murdered by a group of corrupt officers led by the tyrannical Norman Stansfield, a young 12-year-old girl enlists the help of an Italian-American hitman to seek revenge."
44,Spider-Man: Across the Spider-Verse,2023,8.5,"Joaquim Dos Santos, Kemp Powers, Justin K. Thompson","Shameik Moore, Hailee Steinfeld, Brian Tyree Henry","Traveling across the multiverse, Miles Morales meets a new team of Spider-People, made up of heroes from different dimensions. But when the heroes clash over how to deal with a new threat, Miles finds himself at a crossroads."
45,Casablanca,1942,8.5,Michael Curtiz,"Humphrey Bogart, Ingrid Bergman, Paul Henreid",A cynical expatriate American cafe owner struggles to decide whether or not to help his former lover and her fugitive husband escape the Nazis in French Morocco.
46,Nuovo Cinema Paradiso,1988,8.5,Giuseppe Tornatore,"Antonella Attili, Enzo Cannavale, Isa Danieli","Salvatore, a famous film director, returns to his hometown for the funeral of the local theater's film projectionist, Alfredo. He reminisces about his life as a young boy falling in love with cinema."
47,Intouchables,2011,8.5,"Olivier Nakache, Éric Toledano","François Cluzet, Omar Sy, Anne Le Ny","After he becomes a quadriplegic from a paragliding accident, an aristocrat hires a young man from the projects to be his caregiver."
48,The Usual Suspects,1995,8.5,Bryan Singer,"Stephen Baldwin, Gabriel Byrne, Benicio Del Toro",The sole survivor of a pier shoot-out tells the story of how a notorious criminal influenced the events that began with five criminals meeting in a seemingly random police lineup.
49,Alien,1979,8.5,Ridley Scott,"Tom Skerritt, Sigourney Weaver, Veronica Cartwright","After investigating a mysterious transmission of unknown origin, the crew of a commercial spacecraft encounters a deadly lifeform."
50,Modern Times,1936,8.5,Charles Chaplin,"Charles Chaplin, Paulette Goddard, Henry Bergman",The Tramp struggles to live in modern industrial society with the help of a young homeless woman.
51,Rear Window,1954,8.5,Alfred Hitchcock,"James Stewart, Grace Kelly, Wendell Corey",A bored photographer recovering from a broken leg passes the time by watching his neighbors and begins to suspect one of them of murder.
52,Django Unchained,2012,8.5,Quentin Tarantino,"Jamie Foxx, Christoph Waltz, Leonardo DiCaprio","With the help of a German bounty-hunter, a freed slave sets out to rescue his wife from a brutal plantation owner in Mississippi."
53,C&apos;era una volta il West,1968,8.5,Sergio Leone,"Claudia Cardinale, Henry Fonda, Jason Robards",A mysterious stranger with a harmonica teams up with a notorious desperado to protect a beautiful widow and her land from a ruthless assassin in the employ of a railroad tycoon.
54,City Lights,1931,8.5,Charles Chaplin,"Virginia Cherrill, Florence Lee, Harry Myers","With the aid of a wealthy erratic tippler, a dewy-eyed tramp who has fallen in love with a sightless flower girl accumulates money to be able to help her medically."
55,Apocalypse Now,1979,8.4,Francis Ford Coppola,"Marlon Brando, Martin Sheen, Robert Duvall",A U.S. Army officer serving in Vietnam is tasked with assassinating a renegade Special Forces Colonel who sees himself as a god.
56,WALL·E,2008,8.4,Andrew Stanton,"Ben Burtt, Elissa Knight, Jeff Garlin","A robot who is responsible for cleaning a waste-covered Earth meets another robot and falls in love with her. Together, they set out on a journey that will alter the fate of mankind."
57,Memento,2000,8.4,Christopher Nolan,"Guy Pearce, Carrie-Anne Moss, Joe Pantoliano",A former insurance investigator who now suffers from anterograde amnesia uses notes and tattoos to hunt down his wife's murderer.
58,Dune: Part Two,2024,8.4,Denis Villeneuve,"Timothée Chalamet, Zendaya, Rebecca Ferguson","Paul Atreides unites with the Fremen while on a warpath of revenge against the conspirators who destroyed his family. Facing a choice between the love of his life and the fate of the universe, he endeavors to prevent a terrible future."
59,Raiders of the Lost Ark,1981,8.4,Steven Spielberg,"Harrison Ford, Karen Allen, Paul Freeman","In 1936, archaeologist Indiana Jones is tasked by Army Intelligence to help locate a legendary ancient power, the Ark of Covenant, before the Nazis get it first."
60,Avengers: Infinity War,2018,8.4,"Anthony Russo, Joe Russo","Robert Downey Jr., Chris Hemsworth, Mark Ruffalo",The Avengers and their allies must be willing to sacrifice all in an attempt to defeat the powerful Thanos before his blitz of devastation and ruin puts an end to the universe.
61,Das Leben der Anderen,2006,8.4,Florian Henckel von Donnersmarck,"Martina Gedeck, Ulrich Mühe, Sebastian Koch","In 1984 East Berlin, an agent of the secret police conducting surveillance on a writer and his lover finds himself becoming increasingly absorbed by their lives."
62,Sunset Blvd.,1950,8.4,Billy Wilder,"William Holden, Gloria Swanson, Erich von Stroheim",A screenwriter develops a dangerous relationship with a faded film star determined to make a triumphant return.
63,Spider-Man: Into the Spider-Verse,2018,8.4,"Bob Persichetti, Peter Ramsey, Rodney Rothman","Shameik Moore, Jake Johnson, Hailee Steinfeld",Teen Miles Morales becomes the Spider-Man of his universe and must join with five spider-powered individuals from other dimensions to stop a threat for all realities.
64,Witness for the Prosecution,1957,8.4,Billy Wilder,"Tyrone Power, Marlene Dietrich, Charles Laughton",A veteran British barrister must defend his client in a murder trial that has surprise after surprise.
65,Paths of Glory,1957,8.4,Stanley Kubrick,"Kirk Douglas, Ralph Meeker, Adolphe Menjou",A colonel defends three of his soldiers in a court-martial after they abandon a suicidal attack.
66,The Shining,1980,8.4,Stanley Kubrick,"Jack Nicholson, Shelley Duvall, Danny Lloyd","A family heads to an isolated hotel for the winter, where a sinister presence influences the father into violence. At the same time, his psychic son sees horrifying forebodings from both the past and the future."
67,The Great Dictator,1940,8.4,Charles Chaplin,"Charles Chaplin, Paulette Goddard, Jack Oakie",Dictator Adenoid Hynkel tries to expand his empire while a poor Jewish barber tries to avoid persecution from Hynkel's regime.
68,Inglourious Basterds,2009,8.4,Quentin Tarantino,"Brad Pitt, Mélanie Laurent, Christoph Waltz","In Nazi-occupied France during World War II, a plan to assassinate Nazi leaders by a group of Jewish U.S. soldiers coincides with a theatre owner's vengeful plans for the same."
69,Aliens,1986,8.4,James Cameron,"Sigourney Weaver, Carrie Henn, Michael Biehn","Decades after surviving the Nostromo incident, Ellen Ripley is sent out to re-establish contact with a terraforming colony but finds herself battling the Alien Queen and her offspring."
70,12th Fail,2023,8.7,Vidhu Vinod Chopra,"Vikrant Massey, Medha Shankr, Anant Joshi",The real-life story of IPS Officer Manoj Kumar Sharma and IRS Officer Shraddha Joshi.
71,The Dark Knight Rises,2012,8.4,Christopher Nolan,"Christian Bale, Gary Oldman, Tom Hardy","Bane, an imposing terrorist, attacks Gotham City and disrupts its eight-year-long period of peace. This forces Bruce Wayne to come out of hiding and don the cape and cowl of Batman again."
72,Tengoku to jigoku,1963,8.4,Akira Kurosawa,"Toshirô Mifune, Tatsuya Nakadai, Kyôko Kagawa",An executive of a Yokohama shoe company becomes a victim of extortion when his chauffeur's son is kidnapped by mistake and held for ransom.
73,Coco,2017,8.4,"Adrian Molina, Lee Unkrich","Anthony Gonzalez, Gael García Bernal, Benjamin Bratt","Aspiring musician Miguel, confronted with his family's ancestral ban on music, enters the Land of the Dead to find his great-great-grandfather, a legendary singer."
74,Avengers: Endgame,2019,8.4,"Anthony Russo, Joe Russo","Robert Downey Jr., Chris Evans, Mark Ruffalo","After the devastating events of Avengers: Infinity War (2018), the universe is in ruins. With the help of remaining allies, the Avengers assemble once more in order to reverse Thanos' actions and restore balance to the universe."
75,Amadeus,1984,8.4,Milos Forman,"F. Murray Abraham, Tom Hulce, Elizabeth Berridge","The life and work of Wolfgang Amadeus Mozart seen through the eyes of his contemporary and rival, Antonio Salieri."
76,Good Will Hunting,1997,8.3,Gus Van Sant,"Matt Damon, Ben Affleck, Stellan Skarsgård","A therapist counsels Will Hunting, a janitor with a genius IQ."
77,Toy Story,1995,8.3,John Lasseter,"Tom Hanks, Tim Allen, Don Rickles","A cowboy doll is profoundly jealous when a new spaceman action figure supplants him as the top toy in a boy's bedroom. When circumstances separate them from their owner, the duo have to put aside their differences to return to him."
78,Oldeuboi,2003,8.3,Park Chan-wook,"Choi Min-sik, Yoo Ji-tae, Kang Hye-jeong","After being kidnapped and imprisoned for fifteen years, Oh Dae-Su is released, only to find that he must track down his captor in five days."
79,Dr. Strangelove or: How I Learned to Stop Worrying and Love the Bomb,1964,8.3,Stanley Kubrick,"Peter Sellers, George C. Scott, Sterling Hayden","A mentally unstable American general orders a hydrogen bomb attack on the Soviet Union, triggering a path to global nuclear holocaust that a war room full of politicians and generals frantically tries to stop."
80,Das Boot,1981,8.4,Wolfgang Petersen,"Jürgen Prochnow, Herbert Grönemeyer, Klaus Wennemann",A German U-boat stalks the frigid waters of the North Atlantic as its young crew experience the sheer terror and claustrophobic life of a submariner in World War II.
81,Kimi no Na wa.,2016,8.4,Makoto Shinkai,"Ryûnosuke Kamiki, Mone Kamishiraishi, Ryo Narita","Two teenagers share a profound, magical connection upon discovering they are swapping bodies. Things manage to become even more complicated when the boy and girl decide to meet in person."
82,Braveheart,1995,8.3,Mel Gibson,"James Robinson, Sean Lawlor, Sandy Nelson",Scottish warrior William Wallace leads his countrymen in a rebellion to free his homeland from the tyranny of King Edward I of England.
83,Mononoke-hime,1997,8.3,Hayao Miyazaki,"Yôji Matsuda, Yuriko Ishida, Yûko Tanaka","While seeking to cure himself of a curse, young warrior Ashitaka stumbles into a conflict between the people of Iron Town and Princess Mononoke, a girl raised by wolves, who will stop at nothing to prevent the destruction of her home."
84,American Beauty,1999,8.3,Sam Mendes,"Kevin Spacey, Annette Bening, Thora Birch",A sexually frustrated suburban father has a mid-life crisis after becoming infatuated with his daughter's best friend.
85,3 Idiots,2009,8.4,Rajkumar Hirani,"Aamir Khan, Madhavan, Sharman Joshi","Two friends are searching for their long lost companion. They revisit their college days and recall the memories of their friend who inspired them to think differently, even as the rest of the world called them ""idiots""."
86,Joker,2019,8.3,Todd Phillips,"Joaquin Phoenix, Robert De Niro, Zazie Beetz","Arthur Fleck, a party clown and a failed stand-up comedian, leads an impoverished life with his ailing mother. However, when society shuns him and brands him as a freak, he decides to embrace the life of chaos in Gotham City."
87,Capharnaüm,2018,8.4,Nadine Labaki,"Zain Al Rafeea, Yordanos Shiferaw, Boluwatife Treasure Bankole","While serving a five-year sentence for a violent crime, a 12-year-old boy sues his parents for neglect."
88,Once Upon a Time in America,1984,8.3,Sergio Leone,"Robert De Niro, James Woods, Elizabeth McGovern","A former Prohibition-era Jewish gangster returns to the Lower East Side of Manhattan 35 years later, where he must once again confront the ghosts and regrets of his old life."
89,Singin&apos; in the Rain,1952,8.3,"Stanley Donen, Gene Kelly","Gene Kelly, Donald O'Connor, Debbie Reynolds",A silent film star falls for a chorus girl just as he and his delusionally jealous screen partner are trying to make the difficult transition to talking pictures in 1920s Hollywood.
90,Idi i smotri,1985,8.3,Elem Klimov,"Aleksey Kravchenko, Olga Mironova, Liubomiras Laucevicius","After finding an old rifle, a young boy joins the Soviet resistance movement against ruthless German forces and experiences the horrors of World War II."
91,Requiem for a Dream,2000,8.3,Darren Aronofsky,"Ellen Burstyn, Jared Leto, Jennifer Connelly",The drug-induced utopias of four Coney Island people are shattered when their addictions run deep.
92,Star Wars: Episode VI - Return of the Jedi,1983,8.3,Richard Marquand,"Mark Hamill, Harrison Ford, Carrie Fisher","After rescuing Han Solo from Jabba the Hutt, the Rebel Alliance attempts to destroy the second Death Star while Luke struggles to help Darth Vader back from the dark side."
93,Toy Story 3,2010,8.3,Lee Unkrich,"Tom Hanks, Tim Allen, Joan Cusack","The toys are mistakenly delivered to a day-care center instead of the attic right before Andy leaves for college, and it's up to Woody to convince the other toys that they weren't abandoned and to return home."
94,Jagten,2012,8.3,Thomas Vinterberg,"Mads Mikkelsen, Thomas Bo Larsen, Annika Wedderkopp","A teacher lives a lonely life, all the while struggling over his son's custody. His life slowly gets better as he finds love and receives good news from his son, but his new luck is about to be brutally shattered by an innocent little lie."
95,Ikiru,1952,8.3,Akira Kurosawa,"Takashi Shimura, Shin'ichi Himori, Haruo Tanaka",A bureaucrat tries to find meaning in his life after he discovers he has terminal cancer.
96,Eternal Sunshine of the Spotless Mind,2004,8.3,Michel Gondry,"Jim Carrey, Kate Winslet, Gerry Robert Byrne","When their relationship turns sour, a couple undergoes a medical procedure to have each other erased from their memories forever."
97,Incendies,2010,8.3,Denis Villeneuve,"Lubna Azabal, Mélissa Désormeaux-Poulin, Maxim Gaudette",Twins journey to the Middle East to discover their family history and fulfill their mother's last wishes.
98,The Apartment,1960,8.3,Billy Wilder,"Jack Lemmon, Shirley MacLaine, Fred MacMurray","A Manhattan insurance clerk tries to rise in his company by letting its executives use his apartment for trysts, but office politics and his own romantic hopes complicate matters."
99,Lawrence of Arabia,1962,8.3,David Lean,"Peter O'Toole, Alec Guinness, Anthony Quinn","The story of T.E. Lawrence, the English officer who successfully united and led the diverse, often warring, Arab tribes during World War I in order to fight the Turks."
100,2001: A Space Odyssey,2001,8.3,Stanley Kubrick,"Keir Dullea, Gary Lockwood, William Sylvester","When a mysterious artifact is uncovered on the Moon, a spacecraft manned by two humans and one supercomputer is sent to Jupiter to find its origins."
101,Reservoir Dogs,1992,8.3,Quentin Tarantino,"Harvey Keitel, Tim Roth, Michael Madsen","When a simple jewelry heist goes horribly wrong, the surviving criminals begin to suspect that one of them is a police informant."
102,Scarface,1983,8.3,Brian De Palma,"Al Pacino, Steven Bauer, Michelle Pfeiffer","In the 1980s, a determined criminal-minded Cuban immigrant becomes the biggest drug smuggler in Miami, and is eventually undone by his own drug addiction."
103,Heat,1995,8.3,Michael Mann,"Al Pacino, Robert De Niro, Val Kilmer",A group of high-end professional thieves start to feel the heat from the LAPD when they unknowingly leave a verbal clue at their latest heist.
104,Double Indemnity,1944,8.3,Billy Wilder,"Fred MacMurray, Barbara Stanwyck, Edward G. Robinson","An insurance representative is seduced by a dissatisfied housewife into a scheme of insurance fraud and murder that arouses the suspicion of his colleague, a claims investigator."
105,Up,2009,8.3,"Pete Docter, Bob Peterson","Edward Asner, Christopher Plummer, Jordan Nagai","78-year-old Carl Fredricksen travels to South America in his house equipped with balloons, inadvertently taking a young stowaway."
106,North by Northwest,1959,8.3,Alfred Hitchcock,"Cary Grant, Eva Marie Saint, James Mason","A New York City advertising executive goes on the run after being mistaken for a government agent by a group of foreign spies, and falls for a woman whose loyalties he begins to doubt."
107,M - Eine Stadt sucht einen Mörder,1931,8.3,Fritz Lang,"Peter Lorre, Ellen Widmann, Inge Landgut","When the police in a German city are unable to catch a child-murderer, other criminals join in the manhunt."
108,Full Metal Jacket,1987,8.2,Stanley Kubrick,"Matthew Modine, Adam Baldwin, Vincent D'Onofrio",A pragmatic U.S. Marine observes the dehumanizing effects the Vietnam War has on his fellow recruits from their brutal boot camp training to the bloody street fighting in Hue.
109,Citizen Kane,1941,8.2,Orson Welles,"Joseph Cotten, Dorothy Comingore, Agnes Moorehead","Following the death of publishing tycoon Charles Foster Kane, reporters scramble to uncover the meaning of his final utterance: 'Rosebud.'"
110,Vertigo,1958,8.2,Alfred Hitchcock,"James Stewart, Kim Novak, Barbara Bel Geddes","A former San Francisco police detective juggles wrestling with his personal demons and becoming obsessed with the hauntingly beautiful woman he has been hired to trail, who may be deeply disturbed."
111,Le fabuleux destin d&apos;Amélie Poulain,2001,8.3,Jean-Pierre Jeunet,"Audrey Tautou, Mathieu Kassovitz, Rufus","Despite being caught in her imaginative world, young waitress Amelie decides to help people find happiness. Her quest to spread joy leads her on a journey during which she finds true love."
112,Taare Zameen Par,2007,8.3,Aamir Khan,"Darsheel Safary, Aamir Khan, Tisca Chopra",A young boy is thought to be nothing but a lazy troublemaker until the new art teacher has the patience and compassion to discover the real problem behind his struggles in school.
113,Jodaeiye Nader az Simin,2011,8.3,Asghar Farhadi,"Payman Maadi, Leila Hatami, Sareh Bayat",A married couple are faced with a difficult decision - to improve the life of their child by moving to another country or to stay in Iran and look after a deteriorating parent who has Alzheimer's disease.
114,To Kill a Mockingbird,1962,8.3,Robert Mulligan,"Gregory Peck, John Megna, Frank Overton",A widowed lawyer in Depression-era Alabama defends a black man against a false rape charge while teaching his young children about the sad reality of prejudice.
115,Die Hard,1988,8.2,John McTiernan,"Bruce Willis, Bonnie Bedelia, Reginald VelJohnson","A New York City cop, John McClane, tries to save his estranged wife and several others taken hostage by terrorists during a Christmas Eve party at the Nakatomi Plaza Skyscraper in Los Angeles, California."
116,Indiana Jones and the Last Crusade,1989,8.2,Steven Spielberg,"Harrison Ford, Sean Connery, Denholm Elliott","In 1938, after his father goes missing while pursuing the Holy Grail, Indiana Jones finds himself up against the Nazis again to stop them from obtaining its powers."
117,The Sting,1973,8.2,George Roy Hill,"Paul Newman, Robert Redford, Robert Shaw",Two grifters team up to pull off the ultimate con.
118,A Clockwork Orange,1971,8.2,Stanley Kubrick,"Malcolm McDowell, Patrick Magee, Michael Bates",Alex DeLarge and his droogs barbarize a decaying near-future.
119,Metropolis,1927,8.3,Fritz Lang,"Alfred Abel, Gustav Fröhlich, Rudolf Klein-Rogge","In a futuristic city sharply divided between the working class and the city planners, the son of the city's mastermind falls in love with a working-class prophet who predicts the coming of a savior to mediate their differences."
120,Snatch,2000,8.2,Guy Ritchie,"Ade, William Beck, Andy Beckwith","Unscrupulous boxing promoters, violent bookmakers, a Russian gangster, incompetent amateur robbers and supposedly Jewish jewelers fight to track down a priceless stolen diamond."
121,1917,1917,8.2,Sam Mendes,"Dean-Charles Chapman, George MacKay, Daniel Mays","April 6th, 1917. As an infantry battalion assembles to wage war deep in enemy territory, two soldiers are assigned to race against time and deliver a message that will stop 1,600 men from walking straight into a deadly trap."
122,Oppenheimer,2023,8.3,Christopher Nolan,"Cillian Murphy, Emily Blunt, Robert Downey Jr.","A dramatization of the life story of J. Robert Oppenheimer, the physicist who had a large hand in the development of the atomic bombs that brought an end to World War II."
123,L.A. Confidential,1997,8.2,Curtis Hanson,"Kevin Spacey, Russell Crowe, Guy Pearce","As corruption grows in 1950s Los Angeles, three policemen - one strait-laced, one brutal, and one sleazy - investigate a series of murders with their own brand of justice."
124,Der Untergang,2004,8.2,Oliver Hirschbiegel,"Bruno Ganz, Alexandra Maria Lara, Ulrich Matthes","Traudl Junge, the final secretary for Adolf Hitler, tells of the Nazi dictator's final days in his Berlin bunker at the end of WWII."
125,Ladri di biciclette,1948,8.2,Vittorio De Sica,"Lamberto Maggiorani, Enzo Staiola, Lianella Carell","In post-war Italy, a working-class man's bicycle is stolen, endangering his efforts to find work. He and his son set out to find it."
126,Dangal,2016,8.3,Nitesh Tiwari,"Aamir Khan, Fatima Sana Shaikh, Sanya Malhotra","Mahavir Singh Phogat, a former wrestler, decides to fulfill his dream of winning a gold medal for his country by training his daughters for the Commonwealth Games despite the existing social stigmas."
127,The Wolf of Wall Street,2013,8.2,Martin Scorsese,"Leonardo DiCaprio, Jonah Hill, Margot Robbie","Based on the true story of Jordan Belfort, from his rise to a wealthy stock-broker living the high life to his fall involving crime, corruption and the federal government."
128,Green Book,2018,8.2,Peter Farrelly,"Viggo Mortensen, Mahershala Ali, Linda Cardellini",A working-class Italian-American bouncer becomes the driver for an African-American classical pianist on a tour of venues through the 1960s American South.
129,The Truman Show,1998,8.2,Peter Weir,"Jim Carrey, Laura Linney, Noah Emmerich",An insurance salesman begins to suspect that his whole life is actually some sort of reality TV show.
130,Batman Begins,2005,8.2,Christopher Nolan,"Christian Bale, Michael Caine, Liam Neeson","After witnessing his parents' death, billionaire Bruce Wayne learns the art of fighting to confront injustice. When he returns to Gotham as Batman, he must stop a secret society that intends to destroy the city."
131,Hamilton,2020,8.3,Thomas Kail,"Daveed Diggs, Renée Elise Goldsberry, Jonathan Groff","The real life of one of America's foremost founding fathers and first Secretary of the Treasury, Alexander Hamilton. Captured live on Broadway from the Richard Rodgers Theater with the original Broadway cast."
132,Taxi Driver,1976,8.2,Martin Scorsese,"Diahnne Abbott, Frank Adu, Victor Argo","A mentally unstable veteran works as a nighttime taxi driver in New York City, where the perceived decadence and sleaze fuels his urge for violent action."
133,Per qualche dollaro in più,1965,8.2,Sergio Leone,"Clint Eastwood, Lee Van Cleef, Gian Maria Volontè",Two bounty killers with similar intentions but different motivations team up to take down a psychotic Mexican outlaw before he and his gang can carry out an audacious bank robbery.
134,Judgment at Nuremberg,1961,8.3,Stanley Kramer,"Spencer Tracy, Burt Lancaster, Richard Widmark","Fictionalized depiction of the 1947 Judges' Trial, the third of 12 trials of Nazi war criminals conducted by the American occupying forces in Nuremberg, Germany, in which former judges of Nazi Germany were tried for their actions."
135,Shutter Island,2010,8.2,Martin Scorsese,"Leonardo DiCaprio, Mark Ruffalo, Ben Kingsley",Two US marshals are sent to a mental institution on an inhospitable island in order to investigate the disappearance of a patient.
136,Some Like It Hot,1959,8.2,Billy Wilder,"Marilyn Monroe, Tony Curtis, Jack Lemmon","After two male musicians witness a mob hit, they flee the state in an all-female band disguised as women, but further complications set in."
137,Jurassic Park,1993,8.2,Steven Spielberg,"Sam Neill, Laura Dern, Jeff Goldblum","An industrialist invites some experts to visit his theme park of cloned dinosaurs. After a power failure, the creatures run loose, putting everyone's lives, including his grandchildren's, in danger."
138,There Will Be Blood,2007,8.2,Paul Thomas Anderson,"Daniel Day-Lewis, Martin Stringer, Matthew Braden Stringer","A story of family, religion, hatred, oil and madness, focusing on a turn-of-the-century prospector in the early days of the business."
139,The Kid,1921,8.2,Charles Chaplin,"Charles Chaplin, Jackie Coogan, Carl Miller","The Tramp cares for an abandoned child, but events put their relationship in jeopardy."
140,One Battle After Another,2025,8.2,Paul Thomas Anderson,"Teyana Taylor, Leonardo DiCaprio, Regina Hall","When their evil enemy resurfaces after 16 years, a group of ex-revolutionaries reunite to rescue the daughter of one of their own."
141,The Father,2020,8.2,Florian Zeller,"Olivia Colman, Anthony Hopkins, Mark Gatiss","A man refuses all assistance from his daughter as he ages. When he tries to understand what is happening around him, he begins to doubt his loved ones, his own mind and even the fabric of his reality."
142,Hababam Sinifi: Sinifta Kaldi,1975,8.6,Ertem Egilmez,"Münir Özkul, Tarik Akan, Kemal Sunal",A young and beautiful female teacher starts working in an all boys high school.
143,All About Eve,1950,8.2,Joseph L. Mankiewicz,"Bette Davis, Anne Baxter, George Sanders",A seemingly timid but secretly ruthless ingénue insinuates herself into the lives of an aging Broadway star and her circle of theater friends.
144,The Sixth Sense,1999,8.2,M. Night Shyamalan,"Bruce Willis, Haley Joel Osment, Toni Collette","After being shot by a resentful former patient whom he failed to help, a Philadelphia child psychologist seeks redemption by treating a young boy with a disturbing secret."
145,Ran,1985,8.2,Akira Kurosawa,"Tatsuya Nakadai, Akira Terao, Jinpachi Nezu","In Medieval Japan, an elderly warlord retires, handing over his empire to his three sons. However, he vastly underestimates how the new-found power will corrupt them and cause them to turn on each other...and him."
146,Casino,1995,8.2,Martin Scorsese,"Robert De Niro, Sharon Stone, Joe Pesci","In Las Vegas, two best friends--a casino executive and a Mafia enforcer--compete for a gambling empire and a fast-living, fast-loving socialite."
147,No Country for Old Men,2007,8.2,"Ethan Coen, Joel Coen","Tommy Lee Jones, Javier Bardem, Josh Brolin",Violence and mayhem ensue after a hunter stumbles upon the aftermath of a drug deal gone wrong and over two million dollars in cash near the Rio Grande.
148,The Thing,1982,8.2,John Carpenter,"Kurt Russell, Wilford Brimley, T.K. Carter",A research team in Antarctica is hunted by a shape-shifting alien that assumes the appearance of its victims.
149,Top Gun: Maverick,2022,8.2,Joseph Kosinski,"Tom Cruise, Val Kilmer, Miles Teller","The story involves Maverick confronting his past while training a group of younger Top Gun graduates, including the son of his deceased best friend, for a dangerous mission."
150,Unforgiven,1992,8.2,Clint Eastwood,"Clint Eastwood, Gene Hackman, Morgan Freeman","Retired Old West gunslinger Will Munny reluctantly takes on one last job to avenge an injustice with the help of his old partner and a young would-be gunman calling himself ""The Schofield Kid""."
151,El laberinto del fauno,2006,8.2,Guillermo del Toro,"Ivana Baquero, Sergi López, Maribel Verdú","In 1944 Spain, a girl is sent to live with her ruthless stepfather. During the night, she meets a fairy who takes her to an old faun. He tells her she's a princess, but must prove her royalty by surviving three gruesome tasks."
152,Kill Bill: Vol. 1,2003,8.2,Quentin Tarantino,"Uma Thurman, Lucy Liu, Vivica A. Fox","After waking from a four-year coma, a former assassin wreaks vengeance on the team of assassins who betrayed her."
153,Prisoners,2013,8.2,Denis Villeneuve,"Hugh Jackman, Jake Gyllenhaal, Viola Davis",A desperate father takes the law into his own hands after police fail to find two kidnapped girls.
154,A Beautiful Mind,2001,8.2,Ron Howard,"Russell Crowe, Ed Harris, Jennifer Connelly","A mathematical genius, John Nash made an astonishing discovery early in his career and stood on the brink of international acclaim. But the handsome and arrogant Nash soon found himself on a harrowing journey of self-discovery."
155,The Treasure of the Sierra Madre,1948,8.2,John Huston,"Humphrey Bogart, Walter Huston, Tim Holt",Two down-on-their-luck Americans searching for work in 1920s Mexico convince an old prospector to help them mine for gold in the Sierra Madre Mountains.
156,Hauru no ugoku shiro,2004,8.2,Hayao Miyazaki,"Chieko Baishô, Takuya Kimura, Akihiro Miwa","When an unconfident young woman is cursed with an old body by a spiteful witch, her only chance of breaking the spell lies with a self-indulgent yet insecure young wizard and his companions in his legged, walking castle."
157,Finding Nemo,2003,8.2,"Andrew Stanton, Lee Unkrich","Albert Brooks, Ellen DeGeneres, Alexander Gould","After his son is captured in the Great Barrier Reef and taken to Sydney, a timid clownfish sets out on a journey to bring him home."
158,Yôjinbô,1961,8.2,Akira Kurosawa,"Toshirô Mifune, Tatsuya Nakadai, Yôko Tsukasa",A crafty ronin comes to a town divided by two criminal gangs and decides to play them against each other to free the town.
159,The Great Escape,1963,8.2,John Sturges,"Steve McQueen, James Garner, Richard Attenborough",Allied officers in a German prisoner of war camp during World War II make a daring plan for a mass escape by hundreds of POWs hoping to draw German personnel and resources away from combat operations.
160,La meglio gioventù,2003,8.4,Marco Tullio Giordana,"Luigi Lo Cascio, Alessio Boni, Adriana Asti",An Italian epic that follows the lives of two brothers from the 1960s to the 2000s.
161,Monty Python and the Holy Grail,1975,8.2,"Terry Gilliam, Terry Jones","Graham Chapman, John Cleese, Eric Idle","King Arthur and his Knights of the Round Table embark on a surreal, low-budget search for the Holy Grail, encountering many, very silly obstacles."
162,The Elephant Man,1980,8.2,David Lynch,"Anthony Hopkins, John Hurt, Anne Bancroft","A Victorian surgeon rescues a heavily-disfigured and mistreated young man working as a sideshow freak, who gradually reveals his capacity for kindness, intelligence and sophistication."
163,Klaus,2019,8.2,"Carlos Martínez López, Sergio Pablos","Jason Schwartzman, J.K. Simmons, Rashida Jones","A simple act of kindness always sparks another, even in a frozen, faraway place. When Smeerensburg's new postman, Jesper, befriends toymaker Klaus, their gifts melt an age-old feud and deliver a sleigh full of holiday traditions."
164,Dial M for Murder,1954,8.2,Alfred Hitchcock,"Ray Milland, Grace Kelly, Robert Cummings","A London playboy plots the perfect murder of his rich, unfaithful wife."
165,Gone with the Wind,1939,8.2,Victor Fleming,"Thomas Mitchell, Barbara O'Neil, Vivien Leigh",A sheltered and manipulative Southern belle and a roguish profiteer face off in a turbulent romance as the society around them crumbles with the end of slavery and is rebuilt during the Civil War and Reconstruction periods.
166,El secreto de sus ojos,2009,8.2,Juan José Campanella,"Soledad Villamil, Ricardo Darín, Carla Quevedo","A retired legal counselor writes a novel hoping to find closure for one of his past unresolved homicide cases, and for his unreciprocated love with his superior--both of which still haunt him decades later."
167,Chinatown,1974,8.1,Roman Polanski,"Jack Nicholson, Faye Dunaway, John Huston","A private detective hired to expose an adulterer in 1930s Los Angeles finds himself caught up in a web of deceit, corruption, and murder."
168,"Lock, Stock and Two Smoking Barrels",1998,8.1,Guy Ritchie,"Jason Flemyng, Dexter Fletcher, Nick Moran","When four small-time criminals lose a rigged poker game against a London kingpin, he gives them one week to settle their enormous debt."
169,V for Vendetta,2005,8.1,James McTeigue,"Natalie Portman, Hugo Weaving, Stephen Rea","In a future British dystopian society, a shadowy freedom fighter, known only by the alias of ""V"", plots to overthrow the tyrannical government - with the help of a young woman."
170,Rashômon,1950,8.1,Akira Kurosawa,"Toshirô Mifune, Machiko Kyô, Masayuki Mori","The rape of a bride and the murder of her samurai husband are recalled from the perspectives of a bandit, the bride, the samurai's ghost and a woodcutter."
171,Inside Out,2015,8.1,"Ronnie Del Carmen, Pete Docter","Amy Poehler, Phyllis Smith, Richard Kind","After young Riley is uprooted from her Midwest life and moved to San Francisco, her emotions, Joy, Fear, Anger, Disgust, and Sadness, conflict on how best to navigate a new city, house, and school."
172,Gekijô-ban Kimetsu no Yaiba Mugen Jô-hen,2025,8.5,"Hikaru Kondô, Haruo Sotozaki","Zach Aguilar, Ryan Bartley, Johnny Yong Bosch","The Demon Slayer Corps are drawn into the Infinity Castle, where Tanjiro and the Hashira face terrifying Upper Rank demons in a desperate fight as the final battle against Muzan Kibutsuji begins."
173,Catch Me If You Can,2002,8.1,Steven Spielberg,"Leonardo DiCaprio, Tom Hanks, Christopher Walken","Barely 17 yet, Frank is a skilled forger who has passed as a doctor, lawyer and pilot. FBI agent Carl becomes obsessed with tracking down the con man, who only revels in the pursuit."
174,"Three Billboards Outside Ebbing, Missouri",2017,8.1,Martin McDonagh,"Frances McDormand, Caleb Landry Jones, Kerry Condon",A mother personally challenges the local authorities to solve her daughter's murder when they fail to catch the culprit.
175,Trainspotting,1996,8.1,Danny Boyle,"Ewan McGregor, Ewen Bremner, Jonny Lee Miller","Renton, deeply immersed in the Edinburgh drug scene, tries to clean up and get out despite the allure of drugs and the influence of friends."
176,The Bridge on the River Kwai,1957,8.1,David Lean,"William Holden, Alec Guinness, Jack Hawkins","British POWs are forced to build a railway bridge across the river Kwai for their Japanese captors in occupied Burma, not knowing that the allied forces are planning a daring commando raid through the jungle to destroy it."
177,Harry Potter and the Deathly Hallows: Part 2,2011,8.1,David Yates,"Ralph Fiennes, Michael Gambon, Alan Rickman","As the battle between the forces of good and evil in the wizarding world escalates, Harry Potter draws ever closer to his final confrontation with Voldemort."
178,Raging Bull,1980,8.1,Martin Scorsese,"Robert De Niro, Cathy Moriarty, Joe Pesci","The life of boxer Jake LaMotta, whose violence and temper that led him to the top in the ring destroyed his life outside of it."
179,Fargo,1996,8.1,"Joel Coen, Ethan Coen","William H. Macy, Steve Buscemi, Peter Stormare",Minnesota car salesman Jerry Lundegaard's inept crime falls apart due to his and his henchmen's bungling and the persistent police work of the quite pregnant Marge Gunderson.
180,Warrior,2011,8.1,Gavin O'Connor,"Joel Edgerton, Tom Hardy, Nick Nolte","The youngest son of an alcoholic former boxer returns home, where he's trained by his father for competition in a mixed martial arts tournament - a path that puts the fighter on a collision course with his estranged, older brother."
181,The Wild Robot,2024,8.2,Chris Sanders,"Lupita Nyong'o, Pedro Pascal, Kit Connor","After a shipwreck, an intelligent robot called Roz is stranded on an uninhabited island. To survive the harsh environment, Roz bonds with the island's animals and cares for an orphaned baby goose."
182,Dead Poets Society,1989,8.1,Peter Weir,"Robin Williams, Robert Sean Leonard, Ethan Hawke","Maverick teacher John Keating returns in 1959 to the prestigious New England boys' boarding school where he was once a star student, using poetry to embolden his pupils to new heights of self-expression."
183,Million Dollar Baby,2004,8.1,Clint Eastwood,"Clint Eastwood, Hilary Swank, Morgan Freeman","Frankie, an ill-tempered old coach, reluctantly agrees to train aspiring boxer Maggie. Impressed with her determination and talent, he helps her become the best and the two soon form a close bond."
184,Ben-Hur,1959,8.1,William Wyler,"Charlton Heston, Jack Hawkins, Haya Harareet","A Jewish prince is betrayed and sent into slavery by a Roman friend in 1st-century Jerusalem, but it's not long before he regains his freedom and comes back for revenge."
185,Mad Max: Fury Road,2015,8.1,George Miller,"Tom Hardy, Charlize Theron, Nicholas Hoult","In a post-apocalyptic wasteland, a woman rebels against a tyrannical ruler in search for her homeland with the aid of a group of female prisoners, a psychotic worshipper and a drifter named Max."
186,Barry Lyndon,1975,8.1,Stanley Kubrick,"Ryan O'Neal, Marisa Berenson, Patrick Magee",An Irish rogue wins the heart of a rich widow and assumes her dead husband's aristocratic position in 18th-century England.
187,Gran Torino,2008,8.1,Clint Eastwood,"Clint Eastwood, Christopher Carley, Bee Vang","After a Hmong teenager tries to steal his prized 1972 Gran Torino, a disgruntled, prejudiced Korean War veteran seeks to redeem both the boy and himself."
188,Tonari no Totoro,1988,8.1,Hayao Miyazaki,"Noriko Hidaka, Chika Sakamoto, Shigesato Itoi","When two girls move to the country to be near their ailing mother, they have adventures with the wondrous forest spirits who live nearby."
189,Bacheha-ye aseman,1997,8.2,Majid Majidi,"Reza Naji, Amir Farrokh Hashemian, Bahare Seddiqi","After a boy loses his sister's pair of shoes, he goes on a series of adventures in order to find them. When he can't, he tries a new way to ""win"" a new pair."
190,Hacksaw Ridge,2016,8.1,Mel Gibson,"Andrew Garfield, Richard Pyros, Jacob Warner","World War II American Army Medic Desmond T. Doss, serving during the Battle of Okinawa, refuses to kill people and becomes the first man in American history to receive the Medal of Honor without firing a shot."
191,The Grand Budapest Hotel,2014,8.1,Wes Anderson,"Ralph Fiennes, F. Murray Abraham, Mathieu Amalric","A writer encounters the owner of an aging high-class hotel, who tells him of his early years serving as a lobby boy in the hotel's glorious years under an exceptional concierge."
192,12 Years a Slave,2013,8.1,Steve McQueen,"Chiwetel Ejiofor, Dwight Henry, Dickie Gravois","In the antebellum United States, Solomon Northup, a free black man from upstate New York, is abducted and sold into slavery."
193,Before Sunrise,1995,8.1,Richard Linklater,"Ethan Hawke, Julie Delpy, Andrea Eckert","A young man and woman meet on a train in Europe, and wind up spending one evening together in Vienna. Unfortunately, both know that this will probably be their only night together."
194,Blade Runner,1982,8.1,Ridley Scott,"Harrison Ford, Rutger Hauer, Sean Young",A blade runner must pursue and terminate four replicants who stole a ship in space and have returned to Earth to find their creator.
195,Spider-Man: No Way Home,2021,8.2,Jon Watts,"Tom Holland, Zendaya, Benedict Cumberbatch","With Spider-Man's identity now revealed, Peter asks Doctor Strange for help. When a spell goes wrong, dangerous foes from other worlds start to appear."
196,Salinui chueok,2003,8.1,Bong Joon Ho,"Song Kang-ho, Kim Sang-kyung, Kim Roe-ha","In a small Korean province in 1986, two detectives struggle with the case of multiple young women being found raped and murdered by an unknown culprit."
197,Ratatouille,2007,8.1,"Brad Bird, Jan Pinkava","Patton Oswalt, Ian Holm, Lou Romano",A rat who can cook makes an unusual alliance with a young kitchen worker at a famous Paris restaurant.
198,Gone Girl,2014,8.1,David Fincher,"Ben Affleck, Rosamund Pike, Neil Patrick Harris",The husband of a missing woman becomes the main suspect in her disappearance.
199,How to Train Your Dragon,2010,8.1,"Dean DeBlois, Chris Sanders","Jay Baruchel, Gerard Butler, Craig Ferguson","A hapless young Viking who aspires to hunt dragons becomes the unlikely friend of a young dragon himself, and learns there may be more to the creatures than he assumed."
200,"Monsters, Inc.",2001,8.1,"Pete Docter, David Silverman, Lee Unkrich","John Goodman, Billy Crystal, Mary Gibbs","In order to power the city, monsters have to scare children so that they scream. However, the children are toxic to the monsters, and after a child gets through, two monsters realize things may not be what they think."
201,Jaws,1975,8.1,Steven Spielberg,"Roy Scheider, Robert Shaw, Richard Dreyfuss","When a massive killer shark unleashes chaos on a beach community off Long Island, it's up to the local police chief, a marine biologist, and an old seafarer to hunt the beast down."
202,In the Name of the Father,1993,8.1,Jim Sheridan,"Alison Crosbie, Philip King, Emma Thompson","An Irish man's coerced confession to an I.R.A. bombing he did not commit results in the imprisonment of his father as well. Meanwhile, a British lawyer fights to clear their names and free them."
203,Ford v Ferrari,2019,8.1,James Mangold,"Matt Damon, Christian Bale, Jon Bernthal",American car designer Carroll Shelby and driver Ken Miles battle corporate interference and the laws of physics to build a revolutionary race car for Ford in order to defeat Ferrari at the 24 Hours of Le Mans in 1966.
204,Relatos salvajes,2014,8.1,Damián Szifron,"Darío Grandinetti, María Marull, Mónica Villa",Six short stories that explore the extremities of human behavior involving people in distress.
205,The Gold Rush,1925,8.1,Charles Chaplin,"Charles Chaplin, Mack Swain, Tom Murray","A prospector goes to the Klondike during the 1890s gold rush in hopes of making his fortune, and is smitten with a girl he sees in a dance hall."
206,Sherlock Jr.,1924,8.1,Buster Keaton,"Buster Keaton, Kathryn McGuire, Joe Keaton","A film projectionist longs to be a detective, and puts his meagre skills to work when he is framed by a rival for stealing his girlfriend's father's pocketwatch."
207,Mary and Max.,2009,8.1,Adam Elliot,"Toni Collette, Philip Seymour Hoffman, Eric Bana","In 1976 Melbourne, a lonely 8-year-old girl strikes up a correspondence with an unlikely pen pal: a severely obese 44-year-old New Yorker with Asperger's syndrome."
208,The Deer Hunter,1978,8.1,Michael Cimino,"Robert De Niro, John Cazale, John Savage",The lives of a group of friends are forever changed by the Vietnam War.
209,Le salaire de la peur,1953,8.1,Henri-Georges Clouzot,"Yves Montand, Charles Vanel, Peter van Eyck","In a decrepit South American village, four men are hired to transport an urgent nitroglycerine shipment without the equipment that would make it safe."
210,The General,1926,8.1,"Clyde Bruckman, Buster Keaton","Buster Keaton, Marion Mack, Glen Cavender","After being rejected by the Confederate military, not realizing it was due to his crucial civilian role, an engineer must single-handedly recapture his beloved locomotive after it is seized by Union spies and return it through enemy lines."
211,Mr. Smith Goes to Washington,1939,8.1,Frank Capra,"Jean Arthur, James Stewart, Claude Rains","A naive youth leader is appointed to fill a vacancy in the U.S. Senate. His idealistic plans promptly collide with corruption at home and subterfuge from his hero in Washington, but he tries to forge ahead despite attacks on his character."
212,Logan,2017,8.1,James Mangold,"Hugh Jackman, Patrick Stewart, Dafne Keen","In a future where mutants are nearly extinct, an elderly and weary Logan leads a quiet life. But when Laura, a mutant child pursued by scientists, comes to him for help, he must get her to safety."
213,On the Waterfront,1954,8.1,Elia Kazan,"Marlon Brando, Karl Malden, Lee J. Cobb","An ex-prize fighter turned New Jersey longshoreman struggles to stand up to his corrupt union bosses, including his older brother, as he starts to connect with the grieving sister of one of the syndicate's victims."
214,Rocky,1976,8.1,John G. Avildsen,"Sylvester Stallone, Talia Shire, Burt Young",A small-time Philadelphia boxer gets a supremely rare chance to fight the world heavyweight champion in a bout in which he strives to go the distance for his self-respect.
215,Smultronstället,1957,8.1,Ingmar Bergman,"Victor Sjöström, Bibi Andersson, Ingrid Thulin","After living a life marked by coldness, an aging professor is forced to confront the emptiness of his existence."
216,Tôkyô monogatari,1953,8.1,Yasujirô Ozu,"Chishû Ryû, Chieko Higashiyama, Sô Yamamura","An old couple visit their children and grandchildren in the city, but receive little attention."
217,The Third Man,1949,8.1,Carol Reed,"Joseph Cotten, Alida Valli, Orson Welles","Pulp novelist Holly Martins travels to shadowy, postwar Vienna, only to find himself investigating the mysterious death of an old friend, Harry Lime."
218,Pirates of the Caribbean: The Curse of the Black Pearl,2003,8.1,Gore Verbinski,"Johnny Depp, Geoffrey Rush, Orlando Bloom","Blacksmith Will Turner teams up with eccentric pirate ""Captain"" Jack Sparrow to save Elizabeth Swann, the governor's daughter and his love, from Jack's former pirate allies, who are now undead."
219,Spotlight,2015,8.1,Tom McCarthy,"Mark Ruffalo, Michael Keaton, Rachel McAdams","The true story of how the Boston Globe uncovered the massive scandal of child molestation and cover-up within the local Catholic Archdiocese, shaking the entire Catholic Church to its core."
220,Maharaja,2024,8.3,Nithilan Saminathan,"Vijay Sethupathi, Anurag Kashyap, Mamta Mohandas","A barber seeks vengeance after his home is burglarized, cryptically telling police his ""lakshmi"" has been taken, leaving them uncertain if it's a person or object. His quest to recover the elusive ""lakshmi"" unfolds."
221,The Terminator,1984,8.1,James Cameron,"Arnold Schwarzenegger, Michael Biehn, Linda Hamilton",A cyborg assassin from the future attempts to find and kill a young woman who is destined to give birth to a warrior that will lead a resistance to save humankind from extinction.
222,La haine,1995,8.1,Mathieu Kassovitz,"Vincent Cassel, Hubert Koundé, Saïd Taghmaoui",24 hours in the lives of three young men in the French suburbs the day after a violent riot.
223,The Big Lebowski,1998,8.1,"Joel Coen, Ethan Coen","Jeff Bridges, John Goodman, Julianne Moore","Jeff ""The Dude"" Lebowski, mistaken for a millionaire of the same name, seeks restitution for his ruined rug and enlists his bowling buddies to help get it."
224,Jai Bhim,2021,8.6,T.J. Gnanavel,"Suriya, Lijo Mol Jose, Manikandan K.","When a tribal man is arrested for a case of alleged theft, his wife turns to a human-rights lawyer to help bring justice."
225,Det sjunde inseglet,1957,8.1,Ingmar Bergman,"Gunnar Björnstrand, Bengt Ekerot, Nils Poppe","A knight returning to Sweden after the Crusades seeks answers about life, death, and the existence of God as he plays chess against the Grim Reaper during the Black Plague."
226,Room,2015,8.1,Lenny Abrahamson,"Brie Larson, Jacob Tremblay, Sean Bridgers","A little boy is held captive in a room with his mother since his birth, so he has never known the world outside."
227,The Sound of Music,1965,8.1,Robert Wise,"Julie Andrews, Christopher Plummer, Eleanor Parker",A young novice is sent by her convent in 1930s Austria to become a governess to the seven children of a widowed naval officer.
228,Hotel Rwanda,2004,8.1,Terry George,"Xolani Mali, Don Cheadle, Desmond Dube","Paul Rusesabagina, a hotel manager, houses over a thousand Tutsi refugees during their struggle against the Hutu militia in Rwanda, Africa."
229,The Best Years of Our Lives,1946,8.1,William Wyler,"Myrna Loy, Fredric March, Dana Andrews",Three traumatized or physically disabled World War II veterans return home to the American Midwest to discover that they and their families have been irreparably changed making readjustment difficult.
230,Platoon,1986,8.1,Oliver Stone,"Keith David, Forest Whitaker, Francesco Quinn","Chris Taylor, a neophyte recruit in Vietnam, finds himself caught in a battle of wills between two sergeants, one good and the other evil. A shrewd examination of the brutality of war and the duality of man in conflict."
231,Before Sunset,2004,8.1,Richard Linklater,"Ethan Hawke, Julie Delpy, Vernon Dobtcheff","Nine years after Jesse and Celine first met, they encounter each other again on the French leg of Jesse's book tour."
232,The Incredibles,2004,8,Brad Bird,"Craig T. Nelson, Holly Hunter, Samuel L. Jackson","While trying to lead a quiet suburban life, a family of undercover superheroes are forced into action to save the world."
233,The Exorcist,1973,8.1,William Friedkin,"Ellen Burstyn, Max von Sydow, Lee J. Cobb","When a mysterious entity possesses a young girl, her mother seeks the help of two Catholic priests to save her life."
234,Koe no Katachi,2016,8.2,Naoko Yamada,"Miyu Irino, Saori Hayami, Aoi Yûki","A deaf girl, Shoko, is bullied by the popular Shoya. As Shoya continues to bully Shoko, the class turns its back on him. Shoko transfers and Shoya grows up as an outcast. Alone and depressed, the regretful Shoya finds Shoko to make amends."
235,Hachi: A Dog&apos;s Tale,2009,8.1,Lasse Hallström,"Richard Gere, Joan Allen, Cary-Hiroyuki Tagawa","Professor Wilson discovers a lost Akita puppy on his way home. Despite objections from his wife, Hachi endears himself to the family and grows to be Parker's loyal companion. As their bond grows deeper, a beautiful relationship unfolds."
236,Rush,2013,8.1,Ron Howard,"Chris Hemsworth, Daniel Brühl, Olivia Wilde","James Hunt and Niki Lauda, two extremely skilled Formula One racers, have an intense rivalry with each other. However, it is their enmity that pushes them to their limits."
237,The Wizard of Oz,1939,8.1,N/A,"Judy Garland, Frank Morgan, Ray Bolger","Young Dorothy Gale and her dog Toto are swept away by a tornado from their Kansas farm to the magical Land of Oz and embark on a quest with three new friends to see the Wizard, who can return her to her home and fulfill the others' wishes."
238,Stand by Me,1986,8.1,Rob Reiner,"Wil Wheaton, River Phoenix, Corey Feldman",A writer recounts a childhood journey with his friends to find the body of a missing boy.
239,La passion de Jeanne d&apos;Arc,1928,8.1,Carl Theodor Dreyer,"Maria Falconetti, Eugene Silvain, André Berley","In 1431, Jeanne d'Arc is placed on trial on charges of heresy, and the ecclesiastical jurists attempt to force her to recant her claims of holy visions."
240,The Iron Giant,1999,8.1,Brad Bird,"Jennifer Aniston, Harry Connick Jr., Vin Diesel",A young boy befriends a giant robot from outer space that a paranoid government agent wants to destroy.
241,Babam ve Oglum,2005,8.2,Çagan Irmak,"Çetin Tekindor, Fikret Kuskan, Hümeyra",The family of a left-wing journalist is torn apart after the military coup of Turkey in 1980.
242,Ah-ga-ssi,2016,8.1,Park Chan-wook,"Kim Min-hee, Ha Jung-woo, Cho Jin-woong","In 1930s Korea, a girl is hired as a handmaiden to a Japanese heiress who lives a secluded life on a countryside estate. But the maid has a secret: She is a pickpocket recruited by a swindler to help seduce the Lady and steal her fortune."
243,Network,1976,8.1,Sidney Lumet,"Faye Dunaway, William Holden, Peter Finch","A television network cynically exploits a deranged former anchor's ravings and revelations about mass media for its own profit, but finds that his message may be difficult to control."
244,La battaglia di Algeri,1966,8.1,Gillo Pontecorvo,"Brahim Hadjadj, Jean Martin, Yacef Saadi","In the 1950s, fear and violence escalate as the people of Algiers fight for independence from the French government."
245,Gekijô-ban Kimetsu no Yaiba Mugen Ressha-hen,2020,8.2,Haruo Sotozaki,"Natsuki Hanae, Akari Kitô, Yoshitsugu Matsuoka","After his family was brutally murdered and his sister turned into a demon, Tanjiro Kamado's journey as a demon slayer began. Tanjiro and his comrades embark on a new mission aboard the Mugen Train, on track to despair."
246,The Grapes of Wrath,1940,8.1,John Ford,"Henry Fonda, Jane Darwell, John Carradine","An Oklahoma family, driven off their farm by the poverty and hopelessness of the Dust Bowl, joins the westward migration to California, suffering the misfortunes of the homeless in the Great Depression."
247,Gangs of Wasseypur,2012,8.2,Anurag Kashyap,"Manoj Bajpayee, Nawazuddin Siddiqui, Tigmanshu Dhulia","A clash between Sultan and Shahid Khan leads to the expulsion of Khan from Wasseypur, and ignites a deadly blood feud spanning three generations."
248,To Be or Not to Be,1942,8.1,Ernst Lubitsch,"Carole Lombard, Jack Benny, Robert Stack","During the German occupation of Poland, an acting troupe becomes embroiled in a Polish soldier's efforts to track down a German spy."
249,The Help,2011,8.1,Tate Taylor,"Viola Davis, Emma Stone, Octavia Spencer","An aspiring author during the civil rights movement of the 1960s decides to write a book detailing the African American maids' point of view on the white families for which they work, and the hardships they go through on a daily basis."
250,Drishyam,2015,8.2,Nishikant Kamat,"Ajay Devgn, Shriya Saran, Tabu","Desperate measures are taken by a man who tries to save his family from the dark side of the law, after they commit an unexpected crime."
